Year,destination,gdp_growth,dest_lat,dest_lon,orig_lat,orig_lon
2010,United States,0.190036683,37.0902,-95.7129,21.5218,-77.7812
2010,South Korea,0.01176443,35.9078,127.7669,52.3555,-1.1743
2010,Chile,0.060658125,-35.6751,-71.543,50.1069,2.2592
2015,United States,0.190036683,37.0902,-95.7129,21.5218,-77.7812
2015,South Korea,0.01176443,35.9078,127.7669,52.3555,-1.1743
2015,Chile,0.060658125,-35.6751,-71.543,50.1069,2.2592
2017,United States,0.190036683,37.0902,-95.7129,21.5218,-77.7812
2017,South Korea,0.01176443,35.9078,127.7669,52.3555,-1.1743
2017,Chile,0.060658125,-35.6751,-71.543,50.1069,2.2592
